Validprtprimcattyp|Validprtsubcattyp|Prtid|Locid|Prtlglnm|Prtlocnm|Validloctyp|Phyaddrstr1txt|Phyaddrstr2txt|Phyaddrctynm|PhyAddrStCd|Phyaddrpostcd|Geolattude|Geolngtude|Phone|Fax|Web|Email|Lastupdtdt
ED|SCORE|107076|282675|Buffalo Niagara SCORE|Buffalo Niagara SCORE|HO|130 South Elmwood Avenue|Suite 540|Buffalo|NY|14202|||(716) 551-4301||http://buffaloniagara.score.org/chapters/buffalo-niagara-score|scorebuffalo1@roadrunner.com|07/17/2012
ED|SCORE|242458|436554|Bangor Maine 0314|Bangor Maine|HO|202 Harlow Street, Federal Building|Room 230|Bangor|ME|04401|||(207)942-0103||http://bangor.score.org/chapters/bangor-score|patricia.rice@scorevolunteer.org|07/21/2012
ED|SCORE|107073|282672|Boston SCORE|Boston SCORE|HO|10 Causeway Street||Boston|MA|02222-1093|||(617) 565-5591||http://boston.score.org/chapters/boston-score|Boston-score-20@verizon.net|07/21/2012
ED|SCORE|107074|282673|Bozeman SCORE|Bozeman SCORE|HO|2000 Commerce Way| |Bozeman|MT|59715-|||(406) 586-5421||http://bozeman.score.org/chapters/bozeman-score|bznscore@bozemanchamber.com|07/17/2012
ED|SCORE|107355|282954|Bucks County SCORE|Bucks County SCORE|HO|11 Welden Drive Suite 100 (IDA)||Doylestown|PA|18901|||(215) 943-8850||www.buckscounty.score.org|score570@verizon.net|06/03/2016
ED|SCORE|107433|283032|Bellingham SCORE|Bellingham SCORE|HO|115 Unity Street, Suite 101| |Bellingham|WA|98225|||(360)685-4259||http://bellingham.score.org/chapters/bellingham-score|score591office@qwestoffice.net|06/01/2016
ED|SCORE|107369|282968|Billings SCORE|Billings SCORE|HO|402 N. Broadway| |Billings|MT|59101|||(406) 927-7640||http://billings.score.org/chapters/billings-score|djohnson@crowleylaw.com|12/28/2015
ED|SCORE|107072|282671|Bloomington SCORE|Bloomington SCORE|HO|223  West Dodds St.|Storage Express Building Suite 133|Bloomington|IN|47403|||(618) 751-2668||http://southernillinois.score.org/chapters/southern-illinois-score|score527@sbcglobal.net|06/01/2016
ED|SCORE|107069|282668|Baton Rouge SCORE|Baton Rouge SCORE|HO|Louisiana Technology Park| 7117 Florida Blvd, Suite 313|Baton Rouge|LA|70806|||(225) 381-7130||http://batonrougearea.score.org/chapters/baton-rouge-area-score|scorebr@scorebr.org|07/21/2012
ED|SCORE|107071|282670|Bismarck-Mandan SCORE|Bismarck-Mandan SCORE|HO|1200 Memorial Hwy/PO BOX 5509| |Bismarck|ND|58506|||(701)328-5861||http://bismarckmandan.score.org/chapters/bismarck-mandan-score|score365@btinet.net|12/28/2015
ED|SCORE|107070|282669|Bergen Cty SCORE|Bergen Cty SCORE|HO|1 Bergen County Plaza, Room #5B| Bergen County Administration Bldg|Hackensack|NJ|07601|||(201) 599-6090||http://bergen.score.org/chapters/bergen-score|contact@scorebergen.org|06/03/2016
ED|SCORE|107413|283012|Coachella Valley SCORE|Coachella Valley SCORE|HO|43-100 Cook St., Suite 104||Palm Desert|CA|92211|||760-773-6507||http://coachellavalley.score.org/|info@scorecv.org|07/20/2012
ED|SCORE|107100|282699|Coastal Carolina SCORE 0660|Coastal Carolina SCORE|HO|3615 Arendell Street| |Morehead City|NC|28557-|||(252) 222-6126||http://coastalcarolina.score.org/chapters/coastal-carolina-score-660|score@carteret.edu|07/17/2012
ED|SCORE|107101|282700|SCORE Charleston SC|Coastal SCORE|HO|4045 Bridge View Drive, B151||North Charleston|SC|29405|||(843) 727-4778||http://coastal.score.org/chapters/coastal-score|info@score285.org|06/03/2016
ED|SCORE|107288|282887|Corpus Christi SCORE|Corpus Christi SCORE|HO|2820 South Padre Island, Suite 108| |Corpus Christi|TX|78415|||(361) 879-0017 ext 22||http://corpuschristi.score.org/chapters/corpus-christi-score|score221@sbcglobal.net|12/28/2015
ED|SCORE|107098|282697|Cleveland SCORE|Cleveland SCORE|HO|1350 Euclid Ave, #216||Cleveland|OH|44115|||(216) 522-4194||http://cleveland.score.org/chapters/cleveland-score|score@scorecleveland.org|07/13/2012
ED|SCORE|107099|282698|Clinton, Franklin, Essex|Clinton, Franklin, Essex|HO|7061 Route 9||Plattsburgh|NY|12901-|||(518) 563-1000||northcountrychamber.com/adirondacks/score.html|info@scoreplattsburgh.org|07/17/2012
ED|SCORE|107102|282701|Colorado Springs SCORE|Colorado Springs SCORE|HO|559 E. Pikes Peak, Suite 101||Colorado Springs|CO|80903|||(719) 636-3074||www.coloradospringsscore.org|score.cos@comcast.net|12/28/2015
ED|SCORE|107286|282885|East Central Iowa SCORE|Cedar Rapids SCORE|HO|Corporate Center East|2750 1st Avenue NE, Suite 350|Cedar Rapids|IA|52402-4831|||(319) 362-6405 ext 2005||http://eastcentraliowa.score.org/chapters/score-east-central-iowa|mentor@scorecr.org|10/02/2014
ED|SCORE|107075|282674|Canton Regional SCORE|Canton SCORE|HO|6000 Frank  Ave., NW Stark Campus|Kent State University Center|Canton|OH|44720|||(330) 244-3280 ext.3294||http://cantonregional.score.org/chapters/canton-regional-score|cantonscore@gmail.com|01/14/2016
ED|SCORE|107381|282980|Cape Cod SCORE|Cape Cod SCORE|HO|270 Communications Way|Independence Park, Suite 5A|Hyannis|MA|02601|||(508) 775-4884||http://capecod.score.org/chapters/cape-cod-score|capecodscore@verizon.net|07/21/2012
ED|SCORE|107084|282683|Central Nebraska SCORE|Central Nebraska SCORE|HO|16 West 11th Street||Kearney|NE|68848|||(308) 865-5675||http://centralnebraska.score.org/chapters/central-nebraska-score|rhobbs@scorecentralnebraska.org|07/17/2012
ED|SCORE|246678|455810|Central Oregon SCORE|Cental Oregon SCORE #0701|HO|P.O. Box 6416| |Bend|OR|97708|||(541) 316-0662||||06/01/2016
ED|SCORE|107307|282906|Central PA SCORE|Central PA SCORE|HO|2820 East College Avenue, Suite E||State College|PA|16801-|||(814) 234-9415||http://centralpa.score.org/chapters/central-pa-score|scorecpa@scorecpa.org|01/14/2016
ED|SCORE|107358|282957|Chattanooga SCORE|Chattanooga SCORE|HO|Franklin Building|5726 Marlin Road, Suite 515|Chattanooga|TN|37411|||(423)553-1722||http://chattanooga.score.org/chapters/chattanooga-score|score.cha.tn@comcast.net|07/12/2012
ED|SCORE|107096|282695|Chicago SCORE|Chicago SCORE|HO|Citicorp|500 W. Madison Street, #1150|Chicago|IL|60661|||(312) 353-7724||http://chicago.score.org/chapters/chicago-score|info@scorechicago.org|07/22/2012
ED|SCORE|107104|282703|Columbus SCORE|Columbus SCORE|HO|1415 17th Street||Columbus|NE|68601|||(402) 562-1242||http://columbusne.score.org/chapters/columbus-score-0162|admin@columbusscore.org|12/28/2015
ED|SCORE|107103|282702|Columbus SCORE|Columbus SCORE|HO|401 North Front Street|Suite 200|Columbus|OH|43215|||(614) 469-2357||http://columbusoh.score.org/chapters/columbus-score|info@scorecolumbus.org|07/13/2012
ED|SCORE|107088|282687|Champlain Valley SCORE|Champlain Valley SCORE|HO|11 Lincoln Street Room 209||Essex Junction|VT|05452|||(802) 951-6762||http://champlainvalley.score.org/chapters/champlain-valley-score|champlain.valley@scorevolunteer.org|06/01/2016
ED|SCORE|107424|283023|Chapel Hill SCORE 0495|Chapel Hill SCORE|HO|321 West Rosemary Street||Chapel Hill|NC|27516|||(919) 968-6894||http://chapelhill.score.org/chapters/chapel-hill-score|info@scorechapelhill.org|10/06/2014
ED|SCORE|107090|282689|Charleston SCORE|Charleston SCORE|HO|1116 Smith Street 3rd Floor| |Charleston|WV|25301|||(304) 347-5463||www.wvscore.org|score256@wvscore.org|07/04/2012
ED|SCORE|107090|282689|Charleston SCORE|Charleston SCORE|HO|1116 Smith Street 3rd Floor| |Charleston|WV|25301|||(304) 347-5463||http://charleston.score.org/chapters/charleston-score|score256@wvscore.org|07/04/2012
ED|SCORE|107081|282680|Central Valley SCORE|Fresno SCORE at the  SBA District Office|HO|801 R Street|Suite 201|Fresno|CA|93721|||(559) 487-5605||http://centralvalley.score.org/|Peterfong@netzero.com|07/26/2012
ED|SCORE|107081|480555|Central Valley SCORE|Chamber of Commerce|BO|1725 Eye Street||Bakersville|CA|93301|||661-327-4421||||07/26/2012
ED|SCORE|107081|480556|Central Valley SCORE|Department of Workforce Investment|BO|1880 Wardrobe Avenue||Merced|CA|95340|||||||07/26/2012
ED|SCORE|107081|480558|Central Valley SCORE|Chamber of Commerce|BO|1114 "J" Street||Modesto|CA|95353|||209-577-5757||||07/26/2012
ED|SCORE|107081|480559|Central Valley SCORE|Chamber of Commerce|BO|30 Ragsdale Drive|Suite 200|Monterey|CA|93940|||831-648-5360||||07/26/2012
ED|SCORE|107081|480560|Central Valley SCORE|San Luis Obispo SCORE|BO|711 Tankfram Road, Suite 210||San Luis Obispo|CA|93401|||805-547-0779||||07/26/2012
ED|SCORE|107081|480561|Central Valley SCORE|City Hall|BO|1710 Tucker Street||Selma|CA|93622|||559-891-2200 x 3106||||07/26/2012
ED|SCORE|107081|480562|Central Valley SCORE|Tuolumne County Chamber of Commerce|BO|222 S. Shepherd Street||Sonora|CA|95370|||209-532-4316||||07/26/2012
ED|SCORE|107283|282882|Central Utah SCORE|Central Valley SCORE|HO|Utah Valley University SBDC| 815 West 1250 North #115|Orem|UT|84058|||(801) 373-8660||http://centralutah.score.org/chapters/central-utah-score|scoreutah@hotmail.com|06/01/2016
ED|SCORE|107094|282693|Central Virginia SCORE|Central Virginia SCORE|HO|209 5th St NE||Charlottesville|VA|22902|||(434)295-6712||http://centralvirginia.score.org/chapters/central-virginia-score|chairperson@score-494.org|01/11/2016
ED|SCORE|107095|282694|Central Washington SCORE|Central Washington SCORE|HO|5 S. Wenatchee Ave. Suite 330||Wenatchee|WA|98801-|||(509) 888-2900||http://centralwashington.score.org/chapters/central-washington-score|score@wenatchee.org|06/01/2016
ED|SCORE|107086|282685|Central Wisconsin SCORE|Central Wisconsin SCORE|HO|700 S. Central Avenue Chamber of Commerce| |Marshfield|WI|54449-|||715-384-3454||http://centralwisconsin.score.org/chapters/central-wisconsin-score|cwscore@centralwisconsinscore.org|07/10/2012
ED|SCORE|107089|282688|Charlotte  SCORE 0047|Charlotte  SCORE|HO|6302 Fairview Road, Suite 300| |Charlotte|NC|28210-2226|||(704) 344-6576||http://charlotte.score.org/chapters/charlotte-score|charlottescore47@carolina.rr.com|07/17/2012
ED|SCORE|107091|282690|Port Charlotte|Charlotte County SCORE|HO|1777 Tamiami Trail|Suite 411|Port Charlotte|FL|33948|||(941) 743-6179||http://portcharlotte.score.org/|score0318@aol.com|06/03/2016
ED|SCORE|107421|283020|Central Florida SCORE|Central Florida SCORE|HO|100 S. Kentucky Ave. #230| |Lakeland|FL|33801|||(863) 284-5607||http://centralflorida.score.org/|score122@verizon.net|12/28/2015
ED|SCORE|107082|282681|Central Illinois SCORE|Central Illinois SCORE|HO|P.O. Box 5696| |Bloomington|IL|61702-5696|||(309) 664-0549||http://centralillinois.score.org/chapters/central-illinois-score|webmaster@central-illinois-score.org|07/22/2012
ED|SCORE|107080|282679|Central Minnesota SCORE|Central Minnesota SCORE|HO|355 Fifth Avenue South||St. Cloud|MN|56301|||(320) 240-1332||http://centralminnesota.score.org/chapters/central-minnesota-score|chapter@stcloudscore.org|01/11/2016
ED|SCORE|107093|282692|Chester and Delaware County SCORE|Chester County SCORE|HO|601 Westtown Road #281||West Chester|PA|19380-0990|||(610) 344-6910||www.chestercounty.score.org|contact.0544@scorevolunteer.org|06/01/2016
ED|SCORE|107097|282696|Citrus County SCORE|Citrus County SCORE|HO|3810 S. Lecanto Highway||Lecanto|FL|34461||| (352)249-1236||http://citruscounty.score.org/|citruschapter@live.com|07/22/2012
ED|SCORE|107285|282884|Central Jersey SCORE|Central Jersey SCORE|HO|P.O. Box 3300 |C/o Raritan Valley Community College|Somerville|NJ|08876|||. (908) 526-1200 ext 8235||http://centraljersey.score.org/chapters/central-jersey-score|score@raritanval.edu|06/01/2016
ED|SCORE|156734|323664|Cheyenne SCORE|Cheyenne SCORE|HO|330 East Pershing| |Cheyenne|WY|82001-|||(307) 632-1588||http://cheyenne.score.org/chapters/cheyenne-score|cheyenne@scorewyoming.org|06/01/2016
ED|SCORE|107087|282686|ECI SCORE|Champaign SCORE|HO|303 W. Kirby Avenue||Champaign|IL|61820-|||(217) 359-1791||http://eci.score.org/chapters/eci-score|score@champaigncounty.org|07/22/2012
ED|SCORE|107125|282724|Fargo SCORE|Fargo SCORE|HO|657 Second Ave North | Room 360|Fargo|ND|58108-|||(701) 239-5677||http://fargo.score.org/chapters/fargo-score|info@fargoscore.org|06/02/2016
ED|SCORE|107124|282723|Fairfield County SCORE|Fairfield Cty SCORE|HO|111 East Ave||Norwalk|CT|06851|||(203) 847-7348||http://fairfieldcounty.score.org/|score41@gmail.com|06/02/2016
ED|SCORE|107108|282707|Dayton SCORE|Dayton SCORE|HO|200 West Second Street Suite 104||Dayton|OH|45402-1430|||(937) 225-2887||http://dayton.score.org/chapters/dayton-score-0|score@daytonscore.org|07/13/2012
ED|SCORE|107107|282706|Dallas SCORE|Dallas SCORE|HO|15110 Dallas Parkway|Suite 320|Dallas|TX|75248|||(214) 987-9491||http://dallas.score.org/chapters/dallas-score|score22@flash.net|12/07/2015
ED|SCORE|107294|282893|El  Paso SCORE|El  Paso SCORE|HO|10 Civic Center Plaza| Greater El Paso C of C|El Paso|TX|79901|||(915) 538-2489||http://elpaso.score.org/chapters/el-paso-score|score@elpasoscore.org|06/02/2016
ED|SCORE|107361|282960|East Bay SCORE|East Bay SCORE|HO|492 - 9th Street, Suite 350 ||Oakland|CA|94607|||(510) 273-6611||http://www.eastbayscore.org/|info@eastbayscore.org|07/20/2012
ED|SCORE|107123|282722|Northwest Pennsylvania SCORE|Erie SCORE|HO|120 West 9th Street| |Erie|PA|16501|||(814) 871-5650||http://erie.score.org/chapters/erie-score|score193@juno.com|10/06/2014
ED|SCORE|107109|282708|Decatur SCORE|Decatur SCORE|HO|Milliken University|1184 W. Main Street|Decatur|IL|62522|||(217) 424-6297||http://decatur.score.org/chapters/decatur-score|pamangel@mail.millikin.edu|07/22/2012
ED|SCORE|107110|282709|SCORE Denver|Denver SCORE|HO|US Custom's House,SBA|721 19th Street, Ste. 426|Denver|CO|80202-2517|||(303) 844-3985||www.scoredenver.org|score62@scoredenver.org|07/21/2012
ED|SCORE|107417|283016|Downeast Maine SCORE|Maine Coastal SCORE|HO|PO Box 1507| |Ellsworth|ME|04605|||(207) 667-5800||www.scoremaine.org|score@prexar.com|12/30/2015
ED|SCORE|107119|282718|Western Wisconsin SCORE|Eau Claire SCORE|HO|500 South Barstow Street Federal Building,|Room B11|Eau Claire|WI|54701|||(715) 834-1573||http://westernwisconsin.score.org/chapters/western-wisconsin-score|score@score-eauclaire.org|12/28/2015
ED|SCORE|107114|282713|Dutchess SCORE|Dutchess SCORE|HO| 1 Civic Center Plaza Chamber of Commerce|Rm. 400|Poughkeepsie|NY|12601|||(845) 454-1700 ext1021||http://dutchess.score.org/chapters/dutchess-score|scoredcny@hotmail.com|06/01/2016
ED|SCORE|107116|282715|East Texas SCORE|East Texas SCORE|HO|1530 S SW Loop 323|TJC West Campus Suite 101|Tyler|TX|75701|||(903) 510-2975||http://easttexas.score.org/chapters/east-texas-score|easttexscore@yahoo.com|06/02/2016
ED|SCORE|107289|282888|Evansville SCORE|Evansville SCORE|HO|318 Main Street Suite 223||Evansville|IN|47708|||(812) 426-6144||http://evansville.score.org/chapters/evansville-score|scoreevv@aol.com|07/22/2012
ED|SCORE|107118|282717|Eastern Idaho SCORE|Eastern Idaho SCORE|HO|2300 N. Yellowstone Hwy|Suite 100B|Idaho Falls|ID|83401|||(208) 523-1022|||score295@iictr.com|06/02/2016
ED|SCORE|107267|282866|Delaware SCORE|Delaware SCORE|HO|The Nemours Building|1007  N. Orange Street, Suite 1120|Wilmington|DE|19801|||(302) 573-6552||www.scoredelaware.org|info@scoredelaware.org|12/07/2015
ED|SCORE|107106|282705|Miami Dade SCORE|Dade SCORE|HO|1951 NW 7 Avenue, Suite 300||Miami|FL|33136|||(786) 425-9119||http://miamidade.score.org/|admin@scoremiami.org|12/07/2015
ED|SCORE|107111|282710|Des Moines SCORE|Des Moines SCORE|HO|6600 University Avenue, Rm 157|DSM Score RE/MAX Complex|Des Moines|IA|50324|||(515) 274-8593||http://desmoines.score.org/|desmoinesscore@gmail.com|12/07/2015
ED|SCORE|107120|282719|Elkhart SCORE|Elkhart SCORE|HO|418 S. Main Street| |Elkhart|IN|46516|||(574) 293-1531||http://elkhart.score.org/chapters/elkhart-score|score@elkhart.org|01/14/2016
ED|SCORE|107112|282711|Detroit SCORE|Detroit SCORE|HO|477 Michigan Avenue|Room 515|Detroit|MI|48226|||(313) 226-7947||http://detroit.score.org/chapters/detroit-score|detscore@sbcglobal.net|07/17/2012
ED|SCORE|107137|282736|Grand Rapids SCORE|Grand Rapids SCORE|HO|111 Pearl Street NW| |Grand Rapids|MI|49503|||(616) 771-0305||http://grandrapids.score.org/chapters/grand-rapids-score|score@grandrapids.org|07/17/2012
ED|SCORE|107136|282735|Grand Strand SCORE|Grand Strand SCORE|HO|605 10th Avenue North| |Myrtle Beach|SC|29577|||(843) 918-1079||http://grandstrand.score.org/chapters/grand-strand-score-aka-mbscore|info@mbscore.org|07/12/2012
ED|SCORE|107141|282740|Greater Knoxville SCORE|Greater Knoxville SCORE|HO|412 North Cedar Bluff Road|Suite 450|Knoxville|TN|37923|||(865) 692-0716||http://greaterknoxville.score.org/chapters/greater-knoxville-score|scoremail@scoreknox.org|07/12/2012
ED|SCORE|107142|282741|Greater Lynchburg SCORE|Greater Lynchburg SCORE|HO|147 Mill Ridge Road, Suite 122|Business Development Centre|Lynchburg|VA|24502|||(434) 582-4560||http://greaterlynchburg.score.org/chapters/greater-lynchburg-score|Lynchburgscore@verizon.net|01/11/2016
ED|SCORE|107357|282956|Hampton Roads SCORE|Hampton Roads SCORE|HO|838 Granby Street Retail Alliance||Norfolk|VA|23510|||(757) 455-9338||http://hamptonroads.score.org/chapters/hampton-roads-score|admin@scorehr.org|07/12/2012
ED|SCORE|107131|282730|Helena/Butte/White Sulphur Springs SCORE|Helena SCORE|HO|225 Cruse Ave., Suite D||Helena|MT|59601|||(406) 442-4986||http://helena.score.org/chapters/helena-score|helenascore@yahoo.com|06/02/2016
ED|SCORE|107293|282892|North Central Florida SCORE|Gainesville SCORE|HO|101 SE 2nd Place|Suite #104|Gainesville|FL|32601|||(352) 375-8278||http://gainesville.score.org/|chapter408@scoregainesville.org|10/02/2014
ED|SCORE|107299|282898|Green Bay SCORE|Green Bay SCORE|HO|2701 Larsen road| Room 105|Green Bay|WI|54303|||(920) 222-2167||http://greenbay.score.org/chapters/green-bay-score|greenbaySCORE@gmail.com|06/02/2016
ED|SCORE|107128|282727|Broward SCORE|Ft. Lauderdale SCORE|HO|299 East Broward Blvd.|Fed. Bldg., Suite 123|Ft. Lauderdale|FL|33301|||(954) 356-7263||www.score17.org|mail@browardscore.org|07/21/2012
ED|SCORE|107127|282726|Vancouver SCORE|Vancouver SCORE|HO|4001 Main Street, Suites 120 and 121| |Vancouver|WA|98663|||503-897-0275||http://ftvancouver.score.org/chapters/ft-vancouver-score|info@scorevancouver.org|06/03/2016
ED|SCORE|107129|282728|Greater Hartford SCORE|Greater Hartford SCORE|HO|280 Trumbull Street| |Hartford|CT|06103|||(860) 240-4700||http://greaterhartford.score.org/|ContactUs@hartfordscore.org|06/02/2016
ED|SCORE|107130|282729|Greater Wabash Valley SCORE|Greater Wabash Valley SCORE|HO|8000 South Education Drive||Terre Haute|IN|47802|||(812) 298-2452||http://greaterwabashvalley.score.org/chapters/grtr-wabash-valley-score|scorechapter661@aol.com|06/02/2016
ED|SCORE|107365|282964|Hagerstown SCORE|Hagerstown SCORE|HO|14 North Potomac Street Suite 200 B| |Hagerstown|MD|21740|||(301)766-2043||http://hagerstown.score.org/chapters/hagerstown-score|info@scorehagerstown.org|07/21/2012
ED|SCORE|107426|283025|Frederick County SCORE|Frederick County SCORE|HO|4539 Metropolitan Court| |Frederick|MD|21704|||(240)215-4757||http://frederick.score.org/chapters/score-frederick|score@scorefrederick.org|07/21/2012
ED|SCORE|107353|282952|Greensboro SCORE 0246|Greensboro SCORE|HO|1451 S. Elm-Eugene Street Suite 2306||Greensboro|NC|27406|||(336) 333-5399||http://greensboro.score.org/chapters/greensboro-score|greensboroscore@scoregso.org|07/17/2012
ED|SCORE|107133|282732|Bakersfield SCORE|Bakersfield SCORE|HO|P.O. Box 2426||Bakersfield|CA|93303|||(661) 861-9249||www.scorebakersfield.org|scorebakersfield@yahoo.com|01/14/2016
ED|SCORE|107427|283026|Greater Baltimore SCORE|Greater Baltimore SCORE|HO|9250 Bendix Road SCORE||Columbia|MD|21045|||(410) 962-2233||http://greaterbaltimore.score.org/chapters/greater-baltimore-score|baltimorescore@verizon.net|06/02/2016
ED|SCORE|107139|282738|Greater Bridgeport SCORE|Greater Bridgeport SCORE|HO|Houston Community College|Beacon Hall Room 337 900|Bridgeport|CT|06604-||| (203) 450-9484||http://greaterbridgeport.score.org/|score471@bridgeport.edu|06/02/2016
ED|SCORE|107140|282739|Greater Chico Area SCORE|Greater Chico Area SCORE|HO|1324 Mangrove Ave.|Suite 114|Chico|CA|95926|||(530) 342-8932||http://greaterchicoarea.score.org/|scorechico@sbcglobal.net|01/14/2016
ED|SCORE|107346|282945|Greater Cincinnati SCORE|Greater Cincinnati SCORE|HO|525 Vine Street Suite 1030||Cincinnati|OH|45202|||(513) 684-2812||http://greatercincinnati.score.org/chapters/greater-cincinnati-score|score@scoreworks.org|07/13/2012
ED|SCORE|107351|282950|Fort Wayne SCORE|Fort Wayne SCORE|HO|110 W. Berry Street Suite LL101| |Fort Wayne|IN|46802|||(260) 422-2601||http://fortwayne.score.org/chapters/fort-wayne-score|scorefw50@frontier.com|07/22/2012
ED|SCORE|107352|282951|Fort Worth SCORE|Fort Worth SCORE|HO|1150 S. Freeway, Suite 108|James Guinn School Complex|Ft. Worth|TX|76104-5064|||(817) 871-6002||http://fortworth.score.org/chapters/fort-worth-score|scorefw@gmail.com|07/12/2012
ED|SCORE|107126|282725|Fox Cities SCORE|Fox Cities SCORE|HO|125 N. Superior Street||Appleton|WI|54911|||(920) 734-7101||http://foxcities.score.org/chapters/fox-cities-score|score@foxcitiesbusiness.com|01/11/2016
ED|SCORE|107315|282914|Fox Valley SCORE|Fox Valley SCORE|HO|1444 N. Farnsworth Avenue| |Aurora|IL|60505-|||(630)375-6026||http://foxvalley.score.org/chapters/fox-valley-score|info289@scorefoxvalley.org|07/22/2012
ED|SCORE|107162|282761|Lincoln SCORE|Lincoln SCORE|HO|285 S. 68th St. Place| Suite 208|Lincoln|NE|68510|||(402) 437-2409||http://lincoln.score.org/chapters/lincoln-score|nescore39@aol.com|06/02/2016
ED|SCORE|107367|282966|Rio Grande Valley SCORE|Rio Grande Valley SCORE|HO|2422 E. Tyler Ave., Suite E||Harlingen|TX|78550|||(956) 427-8623|||chs1956@aol.com|12/28/2015
ED|SCORE|107340|282939|Lancaster-Sumter SCORE|Lancaster SCORE|HO|313 West Liberty Street| Suite 231|Lancaster|PA|17603-|||(717) 397-3092||www.scorelancaster.org|scorelancaster@verizon.net|06/02/2016
ED|SCORE|107273|282872|Acadiana SCORE|Acadiana SCORE|HO|537 Cajundome Blvd|C/O Opportunity Machine|Lafayette|LA|70506|||(337) 200-0431||http://acadiana.score.org/chapters/acadiana-score|cajun_score@yahoo.com|05/31/2016
ED|SCORE|107354|282953|Lehigh Valley SCORE|Lehigh Valley SCORE|HO|4525 Education Park Drive|Lehigh Carbon Comm Coll, ARC 100|Schnecksville|PA|18078|||(610)266-3000||www.lehighvalley.score.org|admin@lvscore.org|12/28/2015
ED|SCORE|107156|282755|SCORE Kalamazoo/Southwest Michigan |Kalamazoo SCORE|HO|420 E. Alcott St.||Kalamazoo|MI|49001|||(269) 381-5382||http://kalamazoo.score.org/chapters/kalamazoo-score|info@scorekazoo.org|06/03/2016
ED|SCORE|246679|455811|Ludington & Scottville Area SCORE #702|Ludington & Scottville Area Chapter #702|HO|5300 W. US Highway 10| |Ludington|MI|49431||| (231)845-0324||http://ludington.score.org/chapters/ludington-scottville-area|sarak@ludington.org|07/17/2012
ED|SCORE|107298|282897|Louisville SCORE|Louisville SCORE|HO|600 Dr Martin Luther King Jr. PL|Fed Office Bldg RM 188|Louisville|KY|40202|||(502) 582-5976||http://louisville.score.org/chapters/louisville-score|score75@score-louisville.org|06/02/2016
ED|SCORE|107401|283000|Little Rock SCORE|Little Rock SCORE|HO|2120 Riverfront Drive Suite 250||Little Rock|AR|72202|||501-324-7379 Ext 302||http://littlerock.score.org/|littlerockscore@sbcglobal.net|07/10/2012
ED|SCORE|107397|282996|Lake Ozark SCORE 560|Lake Ozark SCORE|HO|739 West US Highway 54| |Camdenton|MO|65020|||(573)346-5441||http://lakeoftheozarks.score.org/chapters/lake-ozarks|office@lakeozarkscore.org|01/27/2017
ED|SCORE|247991|461513|Lake Regions 0172|Lake Regions 0172|HO|383 South Main Street||Laconia|NH|03246|||603-524-0137||http://lakesregion.score.org/chapters/score-lakes-region|info@scorelakesregion.org|12/28/2015
ED|SCORE|107160|282759|Lexington SCORE|Lexington SCORE|HO|389 Waller Avenue, Suite 130| |Lexington|KY|40504-2910|||(859) 231-9902||http://lexington.score.org/chapters/lexington-score|info@score-lexington.org|07/21/2012
ED|SCORE|107157|282756|Kansas City SCORE|Kansas City SCORE|HO|Business Resource Center|4747 Troost Ave.., Suite 128|Kansas City|MO|64110|||(816) 235-6675||http://kansascity.score.org/chapters/kansas-city-score|Chapter19@scorekc.org|07/17/2012
ED|SCORE|107164|282763|Los Angeles SCORE|Los Angeles SCORE|HO|330 North Brand Boulevard|Suite 190|Glendale|CA|91203-2304|||(818) 552-3206||www.scorela.org|09@scorela.org|07/20/2012
ED|SCORE|107161|282760|East Central Ohio SCORE|Licking County SCORE|HO|25 Walnut St| PO Box 692|Newark|OH|43058|||(740) 345-7458||http://eastcentralohio.score.org/chapters/east-central-ohio-score|score@eastcentralohioscore.org|06/02/2016
ED|SCORE|107376|282975|Las Cruces SCORE|Las Cruces SCORE|HO|505 S. Main St.|Suite 125|Las Cruces|NM|88001|||(575) 523-5627||http://lascruces.score.org/chapters/las-cruces-score|score.397@lascrucesscore.org|06/02/2016
ED|SCORE|107149|282748|Huntington SCORE|Huntington SCORE|HO|1650 8th Avenue Unlimited Futures, Inc.||Huntington|WV|25703-|||(304) 523-4092||http://huntington.score.org/chapters/huntington-score|score488@unlimitedfuture.org|01/11/2016
ED|SCORE|107150|282749|Hutchinson SCORE|Hutchison SCORE|HO|Quest Center @1 East 9th Avenue| |Hutchinson|KS|67501|||(620) 665-8468||http://hutchinson.score.org/chapters/hutchinson-score|score@hutchquest.com|06/02/2016
ED|SCORE|107147|282746|Houston SCORE|Houston SCORE|HO|8701 S. Gessner drive, #1200| |Houston|TX|77074|||(713) 487-6565||http://houston.score.org/chapters/houston-score|score37@scorehouston.org|12/07/2015
ED|SCORE|107146|282745|Tampa SCORE|Hillsborough SCORE|HO|2101 E. Palm Ave,  Suite A||Tampa|FL|33605|||(813) 448-2311||http://hillsborough.score.org/|counselor@tampascore.org|06/03/2016
ED|SCORE|107306|282905|Indianapolis SCORE|Indianapolis SCORE|HO|8500 Keystone Crossing|Suite 401|Indianapolis|IN|46240-7336|||(317) 226-7264||http://indianapolis.score.org/chapters/indianapolis|indyscore@gmail.com|07/22/2012
ED|SCORE|107155|282754|Jacksonville SCORE|Jacksonville SCORE|HO|7825 Baymeadows Way|100-B|Jacksonville|FL|32256|||(904) 443-1900||http://jacksonville.score.org/|info@scorejax.org|07/22/2012
ED|SCORE|242235|434696|Holland SCORE|Holland SCORE|HO|272 E. 8th Street| |Holland|MI|49423|||616-392-2389||http://holland.score.org/chapters/holland-score-686|contactus@scoreholland.org|07/17/2012
ED|SCORE|107151|282750|Inland Empire SCORE|Inland Empire SCORE|HO|3985 University Avenue| |Riverside|CA|92501|||(951)652-4390||http://inlandempire.score.org/|score503@netzero.com|01/11/2016
ED|SCORE|107337|282936|Rhode Island SCORE|JGE Knight SCORE|HO|380 Westminster Street| |Providence|RI|02903|||(401) 226-0077||http://ri.score.org/chapters/rhode-island|scoreri@cox.net|06/03/2016
ED|SCORE|107430|283029|Anniston SCORE|Anniston SCORE|HO|1400 Commerce Blvd, NE|Alabama Entrepreneurial Sys|Anniston|AL|36207|||(256) 831-5315|||score0638@aol.com|01/14/2016
ED|SCORE|249957|467251|Northshore SCORE 0707|Northshore SCORE 0707|HO|3433 Highway 190 |PMB 257|Mandeville|LA|70471|||(985)520-0929||http://northshore.score.org/chapters/northshore-score|scorens@scorens.org|06/03/2016
ED|SCORE|107188|282787|North Central Ohio SCORE|North Central Ohio SCORE|HO|55 N. Mulberry Street Chamber of Commerce||Mansfield|OH|44902|||(419) 522-3211(226)||http://northcentralohio.score.org/chapters/north-central-ohio-score|ncoscore@ncoscore.org|07/12/2012
ED|SCORE|107403|283002|North Coast SCORE|North Coast SCORE|HO|P. O. Box 6083|Room 115 B|Santa Rosa|CA|95406|||(707) 571-8342||http://northcoast.score.org/|Score450@iscweb.com|01/11/2016
ED|SCORE|107170|282769|Mt. Washington Valley SCORE|Mt. Washington Valley SCORE|HO|53 Technology Lane, Suite 101| |Conway|NH|03818|||(603) 447-4388||mt-washington-valley-score|info@score641.org|01/14/2016
ED|SCORE|107184|282783|New Haven SCORE|New Haven SCORE|HO|20 Church Street||New Haven|CT|06510|||(203) 865-7645||www.newhavenscore.com|counseling@newhavenscore.com|06/03/2016
ED|SCORE|107282|282881|Northeast NY SCORE|Northeast SCORE|HO|Albany Col Chamber of Commerce|1 Computer Drive South|Albany|NY|12205|||(518) 446-1118 ext.233||http://northeastny.score.org/chapters/northeast-ny-score|info@northeastny.score.org|06/03/2016
ED|SCORE|107425|283024|Northern Arizona SCORE|Northern Arizona SCORE|HO|1228 Willow Creek Road|Suite 2|Prescott|AZ|86301|||(928)778-7438||http://northernarizona.score.org/|score@northlink.com|07/10/2012
ED|SCORE|107425|472671|Northern Arizona SCORE|PRESCOTT - Chapter 532|BO|1228 Willow Creek Road|Suite 2|Prescott|AZ|86301|||800-410-2260||www.scorenaz.org|joevanb2005@yahoo.com|07/10/2012
ED|SCORE|107425|472672|Northern Arizona SCORE|KINGMAN - Chapter 560-1 MCC|BO|1971 Jagerson Avenue|RM 208|Kingman|AZ|86402|||928-692-3054|||rbaker@citilink.net|07/10/2012
ED|SCORE|107425|472673|Northern Arizona SCORE|BUKKHEAD CITY - Chapter 560-2|BO|1251 Highway 95||Bullhead City|AZ|86426|||928-745-4201|||teri@bullheadchamber.com|07/10/2012
ED|SCORE|107192|282791|Northwest Indiana SCORE|Northwest Indiana SCORE|HO|162 W. Lincolnway| |Valparaiso|IN|46383|||(219) 462-1105||www.scorenorthwestind.com|nwinscore@aol.com|06/03/2016
ED|SCORE|244429|447151|Northwest Connecticut SCORE|Northwest Connecticut SCORE|HO|333 Kennedy Drive|NW Connecticut Chamber of Commerce|Torrington|CT|06790|||(860) 482-6586|||ptsjhs@snet.net|01/14/2016
ED|SCORE|107189|282788|Northwest NJ SCORE|North West SCORE|HO|30 Schuyler Place, Suite 220||Morristown|NJ|07960|||(973) 328-5530||www.njscore24.org|info@njscore24.org|06/03/2016
ED|SCORE|107185|282784|New Orleans SCORE|New Orleans SCORE|HO|365  Canal Street|Suite 2820|New Orleans|LA|70130|||(504) 589-2356||http://neworleans.score.org/chapters/new-orleans-score|nola@scorevolunter.org|07/21/2012
ED|SCORE|107406|283005|NE Louisiana SCORE|NE Louisiana SCORE|HO|1810 Auburn Avenue, Suite 104| |Monroe|LA|71201|||(318) 323-0878||http://northeastlouisiana.score.org/chapters/northeast-louisiana-score|Score644@comcast.net|07/21/2012
ED|SCORE|107407|283006|NE Massachusetts SCORE|NE Massachusetts SCORE|HO|583 Chestnut Street, Unit 8|c/o Lynn Area C of C|Lynn|MA|01904|||(978) 922-9441||http://nemassachusetts.score.org/chapters/ne-massachusetts-score|info@scorenemass.org|01/11/2016
ED|SCORE|107183|282782|Northern Nevada SCORE|Northern Nevada SCORE|HO|Ansari Business Building University of Nevada|College of Business Administration, Room 411|Reno|NV|89557-0100|||(775) 784-4436||http://northernnevada.score.org/chapters/northern-nevada-score|score@unr.nevada.edu|07/17/2012
ED|SCORE|242448|436533|Norfolk SCORE|Norfolk SCORE|HO|609 W Norfolk Avenue, | |Norfolk|NE|68701|||402-371-4862||http://norfolk.score.org/chapters/norfolk-score|info@scorene.org|07/17/2012
ED|SCORE|107345|282944|Muscatine SCORE|Muscatine SCORE|HO|102 Walnut Street||Muscatine|IA|52761-|||(563) 263-8895||http://muscatine.score.org/chapters/muscatine-score|abull@muscatine.com|07/22/2012
ED|SCORE|107339|282938|Muskegon SCORE|Muskegon SCORE|HO|380 W. Western||Muskegon|MI|49440|||(231) 722-3751||http://muskegon.score.org/chapters/muskegon-score|score@muskegon.org|01/14/2016
ED|SCORE|107181|282780|Naples SCORE|Naples of Collier SCORE|HO|900 Goodlette Road North| |Naples|FL|34102|||(239) 430-0081||http://naples.score.org/|info@scorenaples.org|10/02/2014
ED|SCORE|107341|282940|Nashville SCORE|Nashville SCORE|HO|2 International Plaza||Nashville|TN|37217|||(615) 736-7621||http://nashville.score.org/chapters/nashville-score||12/28/2015
ED|SCORE|107191|282790|Northern Utah SCORE|Northern Utah SCORE|HO|1410 N 1000 W. Rm 1901|Bridgerland Applied Tech. Coll W Campus|Logan|UT|84321-|||(435) 760-7937||http://northernutah.score.org/chapters/northern-utah-score|croberts@cachebrc.com|01/14/2016
ED|SCORE|107373|282972|Birmingham SCORE|North Alabama SCORE|HO|801 Tom Martin Drive SBA Office, Suite 201||Birmingham|AL|35211|||(205) 290-7849|||scorechapter84@bellsouth.net|12/28/2015
ED|SCORE|107371|282970|Northwest Arkansas SCORE|Northwest Arkansas SCORE|HO|614 E. Emma Street|Room M412|Springdale|AR|72764|||(800) 646-0450||http://northwestarkansas.score.org/|info@nwascore.org|10/02/2014
ED|SCORE|107186|282785|New York City SCORE|New York SCORE|HO|26 Federal Plaza|Room 3100|New York|NY|10278|||(212) 264-4507||http://newyorkcity.score.org/chapters/new-york-city-score|info@scorenyc.org|06/03/2016
ED|SCORE|107187|282786|SCORE Essex Hudson Union |Metro New Jersey SCORE|HO|c/o SBA, 2 Gateway Center, 15th Fl| |Newark|NJ|07102|||(973) 645-3982||http://essexhudsonunioncounties.score.org/chapters/essex-hudson-passaic-and-union-counties-score|newarkscore@yahoo.com|06/03/2016
ED|SCORE|107314|282913|Monmouth SCORE|Monmouth SCORE|HO|Brookdale Comm Coll Career Svc|765 Newman Springs Road|Lincroft|NJ|07738|||(732) 224-2573||http://monmouth.score.org/chapters/monmouth-score|counseling@score36.org|07/17/2012
ED|SCORE|107169|282768|Memphis SCORE|Memphis SCORE|HO|5100 Poplar Avenue|Suite 1701|Memphis|TN|38137|||(901) 544-3588||http://memphis.score.org/chapters/score-memphis|scorememphis@comcast.net|07/12/2012
ED|SCORE|107312|282911|Montgomery County SCORE|Montgomery County SCORE|HO|1150 First Avenue; Suite 1001|SCORE at U.S. Small Bus. Admin.|King of Prussia|PA|19406|||(215) 885-3027||www.score513.org|counselor@score513.org|01/11/2016
ED|SCORE|107179|282778|Montpelier SCORE|Montpelier SCORE|HO|87 State Street||Montpelier|VT|05601|||(802) 828-4422|||scorechapter275@aol.com|06/03/2016
ED|SCORE|107356|282955|Manasota SCORE|Manasota SCORE|HO|2801 Fruitville Road|Suite 280|Sarasota|FL|34237|||(941) 955-1029||http://manasota.score.org/|scorech116@verizon.net|07/22/2012
ED|SCORE|107325|282924|Midlands SCORE|Midlands SCORE|HO|930 Richland Street|Columbia Chamber of Commerce - Lower Level|Columbia|SC|29201|||(803) 765-5131||http://midlands.score.org/chapters/midlands-score||12/28/2015
ED|SCORE|107171|282770|Mid Missouri SCORE|Mid Missouri SCORE|HO|Columbia Chamber of Commerce|300 South Providence Road|Columbia|MO|65203|||(573) 874-1132||http://midmissouri.score.org/chapters/mid-missouri-score|Elinor2u@aol.com|12/28/2015
ED|SCORE|107178|282777|Monterey Bay SCORE|Monterey Bay SCORE|HO|565 Hartnell St. #2191||Monterey|CA|95042|||(831) 566-2733||http://montereybay.score.org/||06/02/2016
ED|SCORE|107167|282766|Martinsville SCORE|Martinsville SCORE|HO|115 Broad Street| |Martinsville|VA|24112|||(276) 632-6401||http://martinsville.score.org/chapters/martinsville-score|score@mhcchamber.com|07/12/2012
ED|SCORE|107173|282772|SE Wisconsin SCORE|Milwaukee SCORE|HO|310 W. Wisconsin Avenue #585| |Milwaukee|WI|53203|||(414) 297-3942||http://sewisconsin.score.org/chapters/score-se-wisconsin|score@scoresewisconsin.org|06/03/2016
ED|SCORE|107175|282774|Monadnock SCORE|Monadnock SCORE|HO|34 Mechanic Street| |Keene|NH|03431-3421|||(603) 352-0320||http://monadnock.score.org/chapters/monadnock-score|info@monadnockscore@org|07/17/2012
ED|SCORE|107166|282765|Madison SCORE|Madison SCORE|HO|505 South Rosa Road MG&E Innovation Center|Suite 37|Madison|WI|53719-|||(608) 441-2820||http://madison.score.org/chapters/madison-score|contactscore@scoremadison145.org|07/10/2012
ED|SCORE|107172|282771|Mid-Columbia SCORE|Mid-Columbia Tri-Cities SCORE|HO|7130 W. Grandridge Blvd|Suite A|Kennewick|WA|99336|||(509) 735-1000||http://midcolumbiatricities.score.org/chapters/mid-columbia-score-tri-cities|info@midcolumbiascore.org|06/02/2016
ED|SCORE|107408|283007|Mid-Shore SCORE|Mid-Shore SCORE|HO|101 Marlboro Ave Talbot City Chamber of Commerce||Easton|MD|21601|||(877) 572-0735||http://midshore.score.org/chapters/mid-shore-score|score626@goeaston.net|01/14/2016
ED|SCORE|107423|283022|Merrimack Valley SCORE|Merrimack Valley SCORE|HO|275 Chestnut Street - Suite #133||Manchester|NH|03101|||(603) 666-7561||http://merrimackvalley.score.org/chapters/merrimack-valley-score|info@score199.mv.com|07/21/2016
ED|SCORE|107328|282927|Minot SCORE|Minot SCORE|HO|1925 S. Broadway, Suite 2| |Minot|ND|58701-|||(701) 852-6883||http://minot.score.org/chapters/minot-score|scoreminot1@srt.com|07/17/2012
ED|SCORE|107399|282998|Minneapolis SCORE|Minneapolis SCORE|HO|8700 West 36th Street|Suite 125A|St. Louis Park|MN|55426-|||(952) 938-4570||http://minneapolis.score.org/chapters/minneapolis-score|minneapolis@score-mn.org |06/02/2016
ED|SCORE|107360|282959|Queens SCORE|Queens County SCORE|HO|120-55 Queens Blvd., Room 333|Queens Borough Hall|Kew Gardens|NY|11424|||(718) 263-8961|||chapter588@aol.com|07/13/2017
ED|SCORE|107210|282809|Quincy Tri-State SCORE|Quincy Tri-State SCORE|HO|c/o Chamber of Commerce|300 Civic Center Plaza|Quincy|IL|62301|||(217) 222-8093||http://quincytristate.score.org/chapters/quincy-tri-state-score|score@adams.net|07/22/2012
ED|SCORE|107384|282983|Pueblo SCORE|Pueblo SCORE|HO|302 N. Santa Fe Ave |Chamber of Commerce|Pueblo|CO|81003|||(719) 542-1704||http://pueblo.score.org/|score@puebloscore.org|07/21/2012
ED|SCORE|107304|282903|Princeton SCORE|Princeton SCORE|HO|213 Carnegie Center, P.O. Box 3003||Princeton|NJ|08543|||(609) 393-0505||http://princeton.score.org/chapters/princeton-score|info@scoreprinceton.org|06/03/2016
ED|SCORE|107199|282798|Purchase Area SCORE|Purchase Area SCORE|HO|501 Broadway, Suite B36| |Paducah,|KY|42001|||(270)442-5685||http://purchasearea.score.org/chapters/purchase-area-score|puducah@score-kentucky.or|12/28/2015
ED|SCORE|156732|323662|Putnam County NY SCORE|Putnam SCORE|HO|110 Old Route 6|Room 8, Building 3|Carmel|NY|10512-|||(845) 225-6030||http://putnamcounty.score.org/chapters/putnam-county-score|putnamscore@comcast.net|06/03/2016
ED|SCORE|107209|282808|Quad Cities SCORE|Quad Cities SCORE|HO|4703 16th Street|STE. G|Moline|IL|61265|||(309) 797-0082||www.qconline.com/business/score/|info@quadcitiesscore.org|01/31/2017
ED|SCORE|107362|282961|SCORE TriCounty|Pottstown SCORE|HO|244 High Street, Suite 102| |Pottstown|PA|19464|||(610) 327-2673||www.pottstownscore.org|info@pottstownscore.org|02/01/2017
ED|SCORE|107280|282879|PR & VI SCORE|PR & VI SCORE|HO|PO Box 191637| |San Juan|PR|00919-1637|||(787) 766-5572|||sjscore200@hotmail.com|04/30/2011
ED|SCORE|107194|282793|Mid-Florida SCORE|Th Villages & Ocala SCORE|HO|11962 Co Road 101 # 302| |The Villages|FL|32162|||(352) 399-0050||http://ocalathevillages.score.org/|villages-counseling@score440.org|06/02/2016
ED|SCORE|107277|282876|Ocean County SCORE|Ocean County SCORE|HO|33 Washington Street| |Toms River|NJ|08753|||(732) 505-6033||http://oceancounty.score.org/chapters/ocean-county-score|score150@verizon.net|07/17/2012
ED|SCORE|107292|282891|Philadelphia SCORE|Philadelphia SCORE|HO|105 N. 22nd Street||Philadelphia|PA|19103|||215)231-9880||www.scorephila.org|scorephila@yahoo.com|03/24/2014
ED|SCORE|107415|283014|Oklahoma City SCORE|Oklahoma City SCORE|HO|c/o SBA|301 NW 6th Street, Suite 116|Oklahoma City|OK|73102|||(405) 609-8004||http://oklahomacity.score.org/chapters/oklahoma-city-score|info@okcscore.org|06/03/2016
ED|SCORE|107311|282910|Ogden SCORE|Ogden SCORE|HO|The Ogden Business Information Center | 2036 Lincoln Avenue, Suite 105|Ogden|UT|84401-|||(801) 629-8613||http://ogden.score.org/chapters/ogden-score|ogdenscore158@netscape.net|07/12/2012
ED|SCORE|107323|282922|Greater Phoenix SCORE|Phoenix SCORE|HO|2828 N. Central Avenue #800||Phoenix|AZ|85004|||(602) 745-7250||http://greaterphoenix.score.org/|info@scorephoenix.org|07/10/2012
ED|SCORE|107323|472676|Greater Phoenix SCORE|PEORIA - Chapter 105-1|BO|8765 West Kelton Lane|#C-1|Peoria|AZ|85382|||||||12/13/2016
ED|SCORE|107323|472677|Greater Phoenix SCORE|GOODYEAR - Chapter 105-2|BO|Southwest Valley Chamber|289 Litchfield Road|Goodyear|AZ|85338|||||||12/13/2016
ED|SCORE|107323|472678|Greater Phoenix SCORE|GLENDALE - Chapter 105-3|BO|Glendale Chamber|7015 North 59th Avenue|Glendale|AZ|85301|||||||07/10/2012
ED|SCORE|107323|472679|Greater Phoenix SCORE|NORTH SCOTTSDALE - Chapter 105-4|BO|North Scottsdale Chamber|14201 North 87th Street|Scottsdale|AZ|85260|||||||12/13/2016
ED|SCORE|107323|472680|Greater Phoenix SCORE|SCOTTSDALE - Chapter 105-5|BO|Scottsdale Chamber|4725 North Scpttsdale Road #210|Scottsdale|AZ|85255|||||||12/13/2016
ED|SCORE|107323|472681|Greater Phoenix SCORE|FOUNTAIN HILLS - Chapter 105-6|BO|Fountain Hills Chamber|16837 East Palisades Blvd|Fountain Hills|AZ|85269|||||||12/13/2016
ED|SCORE|107323|472682|Greater Phoenix SCORE|ASBA - Chapter 105-7|BO|Arizona Small Business Association|4600 East Washington #340|Phoenix|AZ|85034|||||||12/13/2016
ED|SCORE|107323|472683|Greater Phoenix SCORE|MESA - Chapter 105-8|BO|1201 South Alma School Road|Suite 4800|Mesa|AZ|85210|||||www.evaz.scorechapter.org||12/13/2016
ED|SCORE|107323|472684|Greater Phoenix SCORE|AHWATUKEE - Chapter 105-9|BO|Ahwatukee Chamber|10235 South 51st Street, Suite 185|Phoenix|AZ|85044|||||||12/13/2016
ED|SCORE|107323|472685|Greater Phoenix SCORE|APACHE JUNCTION - Chapter 105-10|BO|Apache Junction Chamber|567 West Apache Trail|Apache Junction|AZ|85220|||||||12/13/2016
ED|SCORE|107323|472686|Greater Phoenix SCORE|CHANDLER - Chapter 105-11|BO|Chandler Chamber|25 South Arizona Place|Chandler|AZ|85225|||||||12/13/2016
ED|SCORE|107323|472687|Greater Phoenix SCORE|GILBERT - Chapter 105-12|BO|Gilbert Chamber|119 North Gilbert Road, Suite 101|Gilbert|AZ|85234|||||||12/13/2016
ED|SCORE|107323|472688|Greater Phoenix SCORE|QUEEN CREEK - Chapter 105-13|BO|Queen Creek Chamber|22411 South Ellsworth Road|Queen Creek|AZ|85242|||||||12/13/2016
ED|SCORE|252832|476093|Northwest Pennsylvania SCORE 0709|Northeast Pennsylvania SCORE|HO|Stegmaier Building, Suite 400M||Wilkes Barre|PA|18702-5241|||570 826 6502||http://northeastpennsylvania.score.org/chapters/northeast-pennsylvania|contact@nepascore.org|01/14/2016
ED|SCORE|107235|282834|South Metro SCORE|South Metro SCORE|HO|350 W. Burnsville Parkway|Suite 425|Burnsville|MN|55337-|||(952) 890-7020||http://southmetro.score.org/chapters/south-metro-score|southmetroscore@qwestoffice.net|10/06/2014
ED|SCORE|107410|283009|South Palm Beach SCORE|South Palm Beach SCORE|HO|7999 North Federal Highway Suite 201|Suite 201|Boca Raton|FL|33487|||(561) 981-5180||http://southpalmbeach.score.org/|info@scoresouthflorida.org|07/22/2012
ED|SCORE|242450|436535|Southern Arizona SCORE|Southern Arizona|HO|1400 W Speedway Blvd||Tucson|AZ|85745|||(520)505-3636||http://southernarizona.score.org/|score@dakotacom.net|06/03/2016
ED|SCORE|242450|472674|Southern Arizona SCORE|TUCSON - Chapter 689|BO|330 North Commerce Park Loop|Suite 160|Tucson|AZ|85745|||520-670-5008||||06/03/2016
ED|SCORE|242450|472675|Southern Arizona SCORE|GREEN VALLEY - Chapter 689-1|BO|222 West Esperanza Blvd||Green Valley|AZ|85614|||520-625-7575||||06/03/2016
ED|SCORE|107329|282928|Shenandoah Valley SCORE|Shenandoah Vly SCORE|HO|301 W. Main Street| |Waynesboro|VA|22980|||(540) 949-4423||http://shenandoahvly.score.org/chapters/shenandoah-valley-score|score427@ci.waynesboro.va.us|10/06/2014
ED|SCORE|107278|282877|Southwest Florida SCORE|Southwest Florida SCORE|HO|3650 Colonial Blvd. Suite 231||Fort Myers|FL|33966|||(239) 489-2935||http://southwestflorida.score.org/|score219@embarqmail.com|07/22/2012
ED|SCORE|107411|283010|Southwest Louisiana SCORE|Southwest Louisiana SCORE|HO|4310 Ryan Street| |Lake Charles|LA|70605|||(337)433-3632 ext.217||http://southwestlouisiana.score.org/chapters/southwest-louisiana-score|score@allianceswla.org|12/28/2015
ED|SCORE|107375|282974|St. Louis SCORE|St. Louis SCORE|HO|1222 Spruce Street Suite 10.103||St. Louis|MO|63103|||(314) 539-6602||http://stlouis.score.org/chapters/st-louis-score|counselors@stlscore.org|12/07/2015
ED|SCORE|107318|282917|Silicon Valley SCORE|Silicon Valley SCORE|HO|234 East Gish Road, Suite 100||San Jose|CA|95112|||1-408-453-6237||http://www.svscore.org/|info@svscore.org|07/21/2012
ED|SCORE|107240|282839|Spokane SCORE|Spokane SCORE|HO|801 W. Riverside Ave. #444| |Spokane|WA|99201-0908|||(509)353-2821||http://spokane.score.org/chapters/score-spokane|bmoreland@billiemoreland.com|07/10/2012
ED|SCORE|107234|282833|Michiana SCORE|South Bend SCORE|HO|1030 East Jefferson Blvd.| |South Bend|IN|46617||| (574) 310-8097||http://michiana.score.org/chapters/michiana-score|chair@southbend-score.org|10/02/2014
ED|SCORE|107236|282835|Southern Maryland SCORE|Southern Maryland SCORE|HO|134 Holiday Court|Suite 316|Annapolis|MD|21401|||(410) 266-9553||http://southernmaryland.score.org/chapters/southern-maryland-score|info@score390.org|12/30/2015
ED|SCORE|107239|282838|Space Coast SCORE|Space Coast SCORE|HO|Melbourne Professional Complex|1600 Sarno, Suite 205|Melbourne|FL|32935|||(321) 254-2288||http://spacecoast.score.org/|scorechapter400@bellsouth.net|12/30/2015
ED|SCORE|107232|282831|Northwest Louisiana SCORE|Shreveport SCORE|HO|400 Edwards Street Shreveport Chamber of Commerce| |Shreveport|LA|71101|||(318) 677-2500||http://northwestlouisiana.score.org/chapters/northwest-louisiana-score|franciscolicchio@aol.com|07/21/2012
ED|SCORE|107233|282832|Sioux City SCORE|Sioux City SCORE|HO|Federal Building|320 6th Street, Room 186|Sioux City|IA|51101|||(712) 277-2324||http://siouxcity.score.org/chapters/sioux-city-score|score104@qwestoffice.net|07/22/2012
ED|SCORE|107349|282948|Sioux Falls SCORE|Sioux Falls SCORE|HO|Business Information Center|2329 N. Career Avenue, Suite 105|Sioux Falls|SD|57107|||605)330-4243||http://siouxfalls.score.org/chapters/sioux-falls-score|siouxfallsscore@yahoo.com|12/28/2015
ED|SCORE|211700|378237|Greater Aiken SCORE|Greater Aiken SCORE|HO|121 Richland Avenue East| |Aiken|SC|29801|||803-641-1111||http://southcentralregion.score.org/chapters/southcentral-region-score|scrscore@aikenchamber.net|06/02/2016
ED|SCORE|107418|283017|South Central Iowa SCORE|South Central Iowa SCORE|HO|217 East Main Street||Ottumwa|IA|52501|||(641) 814-5907||http://southcentralia.score.org/chapters/south-central-score|bziegler@indianahills.edu|06/03/2016
ED|SCORE|107431|283030|South East Indiana SCORE|South East Indiana SCORE|HO|500 Franklin Street||Columbus|IN|47201|||(812) 379-4457||http://southeastindiana.score.org/chapters/south-east-indiana-score|chamberwelcome@columbusareachamber.com|07/21/2012
ED|SCORE|107159|282758|Las Vegas SCORE|Southern Nevada SCORE|HO|Bank of America Building|300 South Fourth Street, Suite 400|Las Vegas|NV|89101-|||(702) 388-6104||http://southernnevada.score.org/chapters/southern-nevada-score|info@scorelv.org|10/06/2014
ED|SCORE|107237|282836|Southern Utah SCORE|Southern Utah SCORE|HO|1071 E 100 S University Plaza, Bldg C||St. George|UT|84770|||(435) 705-4400||http://southernutah.score.org/chapters/southern-utah-score|sutah.score@scorevolunteer.org|01/11/2016
ED|SCORE|107243|282842|Springfield SCORE|Springfield SCORE|HO|3330 Ginger Creek Drive|Suite B South|Springfield|IL|62711||| (217)793-5020 ext.111||http://springfieldil.score.org/chapters/springfield-score|score571@aol.com|07/22/2012
ED|SCORE|107241|282840|SW Missouri SCORE|Springfield SCORE|HO|405 N. Jefferson Ave.| |Springfield|MO|65806|||(417) 890-8501ext.218||http://springfieldmo.score.org/|springfieldscore@sbcglobal.net|06/03/2016
ED|SCORE|107338|282937|St. Paul SCORE|St. Paul SCORE|HO|2355 Highway 36 W STE 400| |St. Paul|MN|55113|||(651) 632-8937||http://stpaul.score.org/chapters/st-paul-score|stpaul@score-mn.org|12/30/2015
ED|SCORE|107220|282819|SW Illinois SCORE|SW Illinois SCORE|HO|5800 Godfrey Road||Godfrey|IL|62035|||(618) 467-2280||http://swillinois.score.org/chapters/sw-illinois-score|score@lc.edu|07/22/2012
ED|SCORE|107385|282984|Rapid City SCORE|Rapid City SCORE|HO|730 E. Watertown Street||Rapid City|SD|57701|||(605) 394-1707||http://rapidcity.score.org/chapters/rapid-city-score|ehaverly@tie.net|10/06/2014
ED|SCORE|107222|282821|Sacramento SCORE|Sacramento SCORE|HO|6501 Sylvan Road| |Citrus Heights|CA|95610|||(916) 635-9085||http://sacramento.score.org/|info@sacscore.org|12/30/2015
ED|SCORE|107218|282817|SE Minnesota SCORE|SE Minnesota SCORE|HO|Rochester Chamber of Commerce|220 S. Broadway, Suite 100|Rochester|MN|55904-|||(507) 200-0760||http://seminnesota.score.org/chapters/se-minnesota-score.org|info@score-rochester.org|12/30/2015
ED|SCORE|161656|328706|S Central Wisconsin SCORE|S Central Wisconsin SCORE 680|HO|Juneau Co. Economic Dev. Corp|122 Main Street, PO Box 322|Camp Douglas|WI|54618|||608-427-2070|||jcedc@mwt.net|04/30/2011
ED|SCORE|107272|282871|San Antonio SCORE|San Antonio SCORE|HO|615 East Houston Street||San Antonio|TX|78205|||(210) 829-5776||http://sanantonio.score.org/chapters/san-antonio-score|info@sanantonioscore.org|12/28/2015
ED|SCORE|107272|282871|San Antonio SCORE|San Antonio SCORE|HO|615 East Houston Street||San Antonio|TX|78205|||(210)403-5931||http://sanantonio.score.org/chapters/san-antonio-score|info@sanantonioscore.org|12/28/2015
ED|SCORE|107226|282825|San Diego SCORE|San Diego SCORE|HO|550 W C ST STE 550||San Diego|CA|92101|||(619) 557-7272||http://sandiego.score.org/|score@score-sandiego.org|07/21/2012
ED|SCORE|107227|282826|San Francisco SCORE|San Francisco SCORE|HO|455 Market Street|6th Floor|San Francisco|CA|94105|||(415) 764-4964||http://sanfrancisco.score.org/|sfscore@sfscore.org|12/03/2015
ED|SCORE|107335|282934|Richmond SCORE|Richmond SCORE|HO|400 N. 8th Street Federal Building| |Richmond|VA|23219|||(804) 350-3569||http://richmond.score.org/chapters/richmond-score|information@richmondscore.org|12/07/2015
ED|SCORE|107214|282813|Roanoke SCORE|Roanoke SCORE|HO|105 Franklin RD SW, Suite 150||Roanoke|VA|24011|||540-857-2834||http://roanoke.score.org/chapters/roanoke-score|info@scoreroanokeva.org|07/10/2012
ED|SCORE|107412|283011|Southern New Jersey SCORE|S New Jersey SCORE|HO|3000 Atrium Way Suite 250||Mount Laurel|NJ|08054|||(856) 457-8372||http://southernnewjersey.score.org/chapters/southern-new-jersey-score|info@score254.org|06/03/2016
ED|SCORE|107428|283027|Greater Binghamton SCORE|S Tier Binghamton SCORE|HO|P.O. Box 41| |Bible School Park|NY|13737|||(607) 772-8860||http://greaterbinghamton.score.org/chapters/greater-binghamton-score.org|writter@stny.rr.com|12/28/2015
ED|SCORE|242449|436534|San Juan Metro|San Juan Metro|HO|U.S. Small Business Admin. Office|273 Avenida Ponce De Leon Suite 510|San Juan|PR|00917|||(787)766-5572||http://sanjuanmetro.score.org/chapters/san-juan-metro|scorepuertorico@yahoo.com|06/03/2016
ED|SCORE|107228|282827|San Luis Obispo SCORE|San Luis Obispo SCORE|HO|4251 S. Higuera Road, Suite 800| |San Luis Obispo|CA|93401|||(805) 547-0779||http://sanluisobispo.score.org/|info@sloscore.org|01/14/2016
ED|SCORE|107387|282986|Sandhills Area SCORE 0364|Sandhills Area SCORE|HO| Moore County Chamber of Commerce|10677 Highway 15-501|Southern Pines|NC|28387|||(910) 420-0121||http://sandhills.score.org/chapters/sandhills-score|jbkelley@nc.rr.com|12/28/2015
ED|SCORE|107372|282971|Salem SCORE|Salem SCORE|HO|922 NW Circle Blvd, Suite 160, #327| |Corvallis|OR|97330|||(503) 370-2896||http://salem.score.org/chapters/salem-score|SCORE460@gmail.com|01/11/2016
ED|SCORE|107215|282814|Greater Rochester SCORE|Rochester SCORE|HO|601 Keating Federal Building|100 State Street, Room 410|Rochester|NY|14614|||(585) 263-6473||http://greaterrochester.score.org/chapters/rochester-score|scorerochester@frontiernet.net|10/06/2014
ED|SCORE|107336|282935|Seacoast New Hampshire SCORE|Seacoast SCORE|HO|215 Commerce Way||Portsmouth|NH|03801|||(603) 433-0575||http://seacoast.score.org/chapters/seacoast-score|info@scorehelp.org|06/03/2016
ED|SCORE|107379|282978|S.C. Low Country SCORE|S.C. Lowcountry SCORE|HO|1 Chamber of Commerce Drive| |Hilton Head Island|SC|29928-|||(843) 785-7107||http://sclowcountry.score.org/chapters/sc-lowcountry-score|contactus@scorehiltonhead.com|06/03/2016
ED|SCORE|107212|282811|Berks and Schuylkill Cty SCORE|Reading SCORE|HO|c/o Greater Reading Chamber of Commerce|201 Penn Street, Suite 501|Reading|PA|19601|||(610) 376-3497||http://reading.score.org|info@reading.score.org|06/01/2016
ED|SCORE|107230|282829|Savannah  SCORE|Savannah  SCORE|HO|111 E. Liberty Street|Suite 103|Savannah|GA|31401|||(912) 652-4335||http://savannah.score.org/|info@scoresav.org|07/22/2012
ED|SCORE|107229|282828|Santa Barbara SCORE|Santa Barbara SCORE|HO|104 W. Anapamu Street| Santa Barbara Regional Chamber of Commerce|Santa Barbara|CA|93101|||(805) 563-0084||http://santabarbara.score.org/|info@score-santabarbara.org|12/28/2015
ED|SCORE|242233|434694|Santa Cruz County SCORE|Santa Cruz County SCORE|HO|716 G Capitola Ave.| |Capitola|CA|95010||| (831) 621-3735||http://santacruzcounty.score.org/|info@scscore.com|07/21/2012
ED|SCORE|107225|282824|Salt Lake SCORE|Salt Lake SCORE|HO|310 South Main Street| South Mezzanine|Salt Lake City|UT|84111|||(801) 746-2269||http://saltlake.score.org/chapters/salt-lake-score|mallen@saltlakescore.com|06/03/2016
ED|SCORE|107281|282880|Greater Seattle SCORE|Seattle SCORE|HO|2401 4th Avenue|Suite 450|Seattle|WA|98121|||(206)553-7320||http://seattle.score.org/chapters/greater-seattle-score|scoreadmin@seattlescore.org|07/10/2012
ED|SCORE|156725|323655|SCORE Columbus / Moultrie|SCORE Columbus|HO|101 13th Street|Wells Fargo Bank Building|Columbus|GA|31901|||(706) 596-8331||http://columbusga.score.org/|score671@bellsouth.net|06/03/2016
ED|SCORE|245732|450945|SCORE Dubuque Area #0347|SCORE Dubuque Area #0347|HO|4135 Pennsylvania Ave.| |Dubuque|IA|52002||| (563)690-9209||http://dubuquearea.score.org/||06/01/2016
ED|SCORE|245734|450947|SCORE Long Island|SCORE Long Island #0694|HO|350 Motor Parkway| Room 109|Hauppauge|NY|11788|||(888)433-3632||http://longisland.score.org/|LIScore@gmail.com|06/02/2016
ED|SCORE|245737|450950|SCORE Northwest Connecticut #0698|SCORE Northwest Connecticut #0698|HO|333 Kennedy Drive| |Torrington|CT|06790|||||||04/30/2011
ED|SCORE|107296|282895|SCORE Santa Fe & North NM|SCORE Santa Fe & North NM|HO|120 Federal Place, #307| |Santa Fe|NM|87501|||(505) 988-6302||http://santafe.score.org/chapters/score-santa-fe-north-nm|scoresf@yahoo.com|07/17/2012
ED|SCORE|245738|450951|SCORE Sullivan County #0697|SCORE Sullivan County #0697|HO|452 Broaday| |Monticello|NY|12701|||||||04/30/2011
ED|SCORE|107295|282894|SCORE of Hawaii, Inc.|SCORE of Hawaii, Inc.|HO|500 Ala Moana Boulevard|Suite 1-306A|Honolulu|HI|96813|||(808) 547-2700||http://hawaii.score.org/|hawaiiscore@hawaiiscore.org|07/22/2012
ED|SCORE|107219|282818|SE Massachusetts SCORE|SE Massachusetts SCORE|HO|60 School Street| |Brockton|MA|02301-|||(508) 587-2673||http://sema.score.org/chapters/se-massachusetts-score|score@metrosouthchamber.com|07/21/2012
ED|SCORE|107211|282810|Raleigh SCORE 0096|Raleigh SCORE|HO|Century PO Bldg, Suite 306|300 Fayetteville Street Mall|Raleigh|NC|27602|||(919) 856-4739||http://raleigh.score.org/chapters/raleigh-score|contact.raleigh@scorevolunteer.org|07/17/2012
ED|SCORE|107251|282850|Traverse City SCORE|Traverse City SCORE|HO|202 East Grandview Parkway| |Traverse City|MI|49684|||(231) 947-5075||http://traversecity.score.org/chapters/traverse-city-score|score@upnorthscore.com|07/17/2012
ED|SCORE|107254|282853|Tulsa SCORE|Tulsa SCORE|HO|907 S. Detroit, Suite 1001| |Tulsa|OK|74120|||(918) 581-7462||http://tulsa.score.org/chapters/tulsa-score-0|consult@tulsascore.org|06/03/2016
ED|SCORE|107316|282915|Tuolumne County SCORE|Tuolumne County SCORE|HO|222 South Shepherd St.|Tuolumne County Chamber of Commerce|Sonora|CA|95370|||(209)532-4316||http://tuolumnecounty.score.org/|score@mlode.com|01/14/2016
ED|SCORE|107420|283019|Treasure Coast SCORE|Treasure Coast SCORE|HO|3220 S. US Hwy 1Suite #2||Ft. Pierce|FL|34982|||(772) 489-0548||http://treasurecoast.score.org/|score308@bellsouth.net|07/22/2012
ED|SCORE|107252|282851|Treasure Valley SCORE|Treasure Valley SCORE|HO|380 E. Parkcenter Blvd.,|Suite 330|Boise|ID|83706|||(208) 334-1696 ext 338||http://treasurevalley.score.org/chapters/treasure-valley-score|tvscore240@yahoo.com|07/22/2012
ED|SCORE|107203|282802|Tip of the Mitt SCORE|Tip of the Mitt SCORE|HO|401 E. Mitchell| |Petoskey|MI|49770|||(231) 347-4150||http://tipofthemitt.score.org/chapters/tip-mitt-score|chamber@petoskey.com|07/17/2012
ED|SCORE|107250|282849|Northwest Ohio SCORE|Toledo SCORE|HO|c/o Mercy Healthcare Center|2200 Jefferson Avenue, 1st Floor|Toledo|OH|43604|||(419) 259-7598||http://northwestohio.score.org/chapters/northwest-ohio-score|office@nwoscore.org|06/03/2016
ED|SCORE|107343|282942|Southwest Pennsylvania SCORE|Uniontown SCORE|HO|140 N. Beeson Avenue|Room 404|Uniontown|PA|15401|||(724) 437-4222||http://uniontown.score.org/chapters/uniontown-score|uniontownscore@gmail.com|10/06/2014
ED|SCORE|107378|282977|Topeka SCORE|Topeka SCORE|HO|120 SE 6th, Suite 110| |Topeka|KS|66603-|||(785) 234-3049||http://topeka.score.org/chapters/topeka-score|score@topekachamber.org|07/21/2012
ED|SCORE|107310|282909|Ulster SCORE|Ulster SCORE|HO|1 Development Court||Kingston|NY|12401-|||(845) 339-0468||http://ulster.score.org/chapters/ulster-score|SCORE@sunyulster.edu|07/13/2012
ED|SCORE|156761|323719|Rockland County SCORE|Rockland County SCORE|HO|c/o Rockland Community College|145 College Road - Brucker Hall, 6102-G|Suffern|NY|10901|||845-426-1206||http://rocklandcounty.score.org/chapters/rockland-county-score|rockscore@rocklandscore.org|01/03/2013
ED|SCORE|107269|282868|South Sound Tacoma SCORE|Tacoma SCORE|HO|Bates Technical College, Rm M-123B|1101 S. Yakima Ave.|Tacoma|WA|98405|||(855) 685-0166||http://tacoma.score.org/chapters/tacoma-score|score@bates.ctc.edu|12/30/2015
ED|SCORE|107313|282912|Syracuse SCORE|Syracuse SCORE|HO|224 Harrison Street Suite 506 | |Syracuse|NY|13202|||(315) 471-9393 ext.245||http://syracuse.score.org/chapters/syracuse-score|info@syracusescore.org|07/13/2012
ED|SCORE|244431|447154|Sullivan County SCORE|Sullivan County SCORE|HO|c/o Sullivan County Partnership| 198 Bridgeville Road/For Sullivan Cty SCORE|Monticello|NY|12701|||845-343-1515||http://sullivancounty.score.org/chapters/sullivan-county|info@sullivanscore.com|01/14/2016
ED|SCORE|107245|282844|Staten Island SCORE|Staten Island SCORE|HO|1855 Victory Boulevard||Staten Island|NY|10314|||(718) 727-1221||http://statenisland.score.org/chapters/staten-island-score|score476@verizon.net|06/03/2016
ED|SCORE|107380|282979|Westmoreland Co SCORE|Westmoreland Co SCORE|HO|St. Vincent College|300 Fraser Purchase Road|Latrobe|PA|15650-9062|||(724) 539-7505||http://westmoreland.score.org/chapters/westmoreland-co-score|score@email.stvincent.edu|07/12/2012
ED|SCORE|107389|282988|Susquehanna SCORE|Susquehanna SCORE|HO|2101 Pennsylvania Avenue||York|PA|17404|||(717) 845-8830||www.yorkscore.org|score441@yorkscore.org|06/03/2016
ED|SCORE|107382|282981|Modesto/Merced SCORE|Yosemite SCORE|HO|1114 J Street, c/o C of C||Modesto|CA|95354|||510-913-2341||www.score556.org|counselor@score556.org|01/14/2016
ED|SCORE|107382|282981|Modesto/Merced SCORE|Yosemite SCORE|HO|1114 J Street, c/o C of C||Modesto|CA|95354|||510-913-2341||http://modestomerced.score.org/|counselor@score556.org|01/14/2016
ED|SCORE|107271|282870|Youngstown SCORE|Youngstown SCORE|HO|101 West Rayen Ave|Williamson College of Business - YSU Campus|Youngstown|OH|44555|||(330) 941-2948||http://youngstown.score.org/chapters/youngstown-score|ysuscore@YAHOO.com|12/07/2015
ED|SCORE|107270|282869|Yakima Valley SCORE|Yakima Valley SCORE|HO|1105 S. 13th Ave.|MAILING ADDRESS IS PO Box 657|Yakima|WA|98902|||(877) 575-9941||http://yakimavalley.score.org/chapters/yakima-valley-score|yakimascore@yahoo.com|06/03/2016
ED|SCORE|107301|282900|Volusia/Flagler Co SCORE|Volusia/Flagler Co SCORE|HO|149 S. Ridgewood Avenue| |Daytona Beach|FL|32114|||(386) 255-6889||http://volusiaflaglercounties.score.org/|Info@Score87.org|07/22/2012
ED|SCORE|107264|282863|Wichita SCORE|Wichita SCORE|HO|220 W. Douglas Suite 450||Wichita|KS|67202|||(316) 269-6273||http://wichita.score.org/chapters/wichita-score|score143@sbcglobal.net|06/03/2016
ED|SCORE|107276|282875|Willamette SCORE|Willamette SCORE|HO|1401 Willamette Street| |Eugene|OR|97401-6600|||(541) 465-6600||http://willamette.score.org/chapters/willamette-score|score@eugenechamber.com|07/12/2012
ED|SCORE|107257|282856|North Central WV  SCORE|North Central WV  SCORE|HO|230 W. Pike Street|Suites 234-235|Clarksburg|WV|26330|||(304) 624-3554||http://uppermonvalley.score.org/chapters/upper-mon-valley-score|score537@hotmail.com|06/03/2016
ED|SCORE|107256|282855|Grand Forks SCORE|Upper Red River SCORE|HO|1501 28th Avenue South| |Grand Forks|ND|58201-6727|||(701) 746-5851||http://upperredriver.score.org/chapters/upper-red-river-score|gfscore@qwest.net|06/02/2016
ED|SCORE|156731|323661|Upper Shore SCORE|Upper Shore SCORE|HO|122 N. Cross Street|C/O Kent County Chamber of Commerce|Chestertown|MD|21620-1547|||(410)810-2969||http://uppershore.score.org/chapters/eastern-shore-score|bartstolp@gmail.com |06/03/2016
ED|SCORE|107262|282861|Western Connecticut SCORE|Western Connecticut SCORE|HO|158 Main Street|Innovation Center|Danbury|CT|06810|||(203) 794-1404||westernctscore.com|danburyscore@sbcglobal.net|06/03/2016
ED|SCORE|107266|282865|Williamsburg SCORE|Williamsburg SCORE|HO|421 North Boundary Street Chamber of Commerce||Williamsburg|VA|23185|||(757) 229-6511||http://williamsburg.score.org/chapters/williamsburg-score|info@scorewilliamsburg.org|07/10/2012
ED|SCORE|107268|282867|Cape Fear Region SCORE 0283|Cape Fear Region SCORE|HO|Browning Plaza II, Suite 6|4010 Oleander Drive|Wilmington|NC|28403|||(910) 452-5395||http://wilmington.score.org/chapters/wilmington-score|counselor@wilmingtonscore.org|08/17/2016
ED|SCORE|107409|283008|Upper Valley SCORE|Upper Valley SCORE|HO|20 W. Park Street||Lebanon|NH|03766|||(603) 448-3491||http://uppervalley.score.org/|score@valley.net|07/17/2012
ED|SCORE|107242|282841|W. Massachusetts SCORE|W. Massachusetts SCORE|HO|1 Federal Street Bldg 101|Scibelli Enterprise Center|Springfield|MA|01105|||(413) 785-0314||http://westernmassachusetts.score.org/chapters/w-massachusetts-score|contact.0228@scorevolunteer.org|06/03/2016
ED|SCORE|107331|282930|Wausau SCORE|Wausau SCORE|HO|100 N. 72nd Avenue| |Wausau|WI|54401|||(715) 848-5950||http://wausau.score.org/chapters/wausau-score||01/11/2016
ED|SCORE|107258|282857|Utica SCORE|Utica SCORE|HO|520 Seneca St. Suite 102||Utica|NY|13502|||(315) 792-7553||http://utica.score.org/chapters/utica-score|info@uticascore.org|06/03/2016
ED|SCORE|107402|283001|Westchester SCORE|Westchester SCORE|HO|c/o NYS Dept. of Labor|120 Bloomingdale Road|White Plains|NY|10605-|||(914) 948-3907||http://westchester.score.org/chapters/westchester-score|scoreinfo@scorewestchester.com|07/13/2012
ED|SCORE|107297|282896|Western Iowa SCORE|Vista SCORE|HO|201 West Main Street||Cherokee|IA|51012|||(712) 225-5739||http://vista.score.org/chapters/vista-score|vista50588@yahoo.com|06/03/2016
ED|SCORE|107366|282965|Worcester SCORE|Worcester SCORE|HO|446 Main Street Suite 200| |Worcester|MA|01608|||(508) 753-2929||http://worcester.score.org/chapters/worcester-score|info@scoreworcester.org|07/21/2012
ED|SCORE|107274|282873|Ventura County SCORE|Ventura SCORE|HO|516 Pennsfield Place| Suite 206|Thousand Oaks|CA|91360|||(805) 204-6022||www.scoreventura.org|info@scoreventura.org|06/03/2016
ED|SCORE|107260|282859|Washington DC SCORE|Washington DC SCORE|HO|409 3rd Street, SW|Suite 100A|Washington|DC|20024|||202-619-1000||http://washingtondc.score.org/|chapter1@scoredc.org|12/03/2015
ED|SCORE|107145|282744|Western North Carolina SCORE 0242|Western North Carolina SCORE|HO|Federal Bldg., Room 108|140 4th Avenue West|Hendersonville|NC|28792|||(828) 693-8702||http://westernnc.score.org/chapters/western-nc-score |counselors@scorewnc.org|07/17/2012
ED|SCORE|107326|282925|Outer Banks SCORE 0497|Outer Banks SCORE|HO|c/o Outer Banks Chamber of Commerce|101 Town Hall Drive |Kill Devil Hills|NC|27948|||(252) 441-8144||http://outerbanks.score.org/chapters/outer-banks-score|mail@score497.org|07/17/2012
ED|SCORE|107204|282803|Piedmont SCORE|Piedmont SCORE|HO|Federal Bldg., Room B-02|300 E. Washington Street|Greenville|SC|29601|||(864) 271-3638||http://www.piedmontscore.org/|info@piedmontscore.org|07/12/2012
ED|SCORE|107196|282795|Orlando SCORE|Orlando SCORE|HO|3201 E. Colonial Dr| Fashion Square Mall, Suite A-20|Orlando|FL|32803|||(407) 420-4844||http://orlando.score.org/|score@nationalec.org|07/22/2012
ED|SCORE|107305|282904|Southeastern Connecticut SCORE|Old Saybrook SCORE|HO|665 Boston Post Rd|1 Main Street|Old Saybrook|CT|06475|||(860) 388-9508||sect.score.org|score579@hotmail.com|02/17/2017
ED|SCORE|107198|282797|Oxford Hills SCORE|Oxford Hills SCORE|HO|2 Market Square| |South Paris|ME|04281|||(207) 743-0499||http://oxfordhills.score.org/chapters/oxford-hills-score|oxscore@megalink.net|07/21/2012
ED|SCORE|107200|282799|Palm Beach SCORE|Palm Beach SCORE|HO|500 Australian Avenue South|Suite 115|West Palm Beach|FL|33401|||(561) 833-1672||http://palmbeach.score.org/|score_chair@wpbscore.org|07/22/2012
ED|SCORE|107368|282967|Peoria SCORE|Peoria SCORE|HO|c/o Peoria Chamber of Commerce|100 SW Water St |Peoria|IL|61602|||(309) 676-0755||http://peoria.score.org/chapters/peoria-score|scorepeoria@score.h-p.org|07/22/2012
ED|SCORE|107317|282916|Pinellas County SCORE|Pinellas County SCORE|HO|Airport Business Center|4707 140th Avenue North, #311|Clearwater|FL|33762-|||(727) 532-6800||http://pinellascounty.score.org/|score@scorepinellas.org|07/22/2012
ED|SCORE|107374|282973|Greater Omaha SCORE|Omaha SCORE|HO|10675 Bedford Avenue, Suite 100| |Omaha|NE|68134|||(402) 221-3606||http://omaha.score.org/chapters/omaha-score|score@scoreomaha.org|12/07/2015
ED|SCORE|107309|282908|Pasco-Hernando Co SCORE|Pasco-Hernando Co SCORE|HO|6014 US Highway 19|Suite 302|New Port Richey|FL|34652|||(727) 842-4638||http://pascohernando.score.org/|score439@verizon.net|07/22/2012
ED|SCORE|107205|282804|Pittsburgh SCORE|Pittsburgh SCORE|HO|411 Seventh Avenue, Suite 1450| |Pittsburgh|PA|15219-1905|||(412) 395-6560||http://pittsburgh.score.org/chapters/pittsburgh-score|info@scorepittsburgh.com|07/12/2012
ED|SCORE|107350|282949|Orange Cty SCORE|Orange Cty SCORE|HO|5 Hutton Centre Drive|Suite 900|Santa Ana|CA|92707|||(714) 550-7369||http://orangecounty.score.org/|info@score114.org|06/03/2016
ED|SCORE|107195|282794|Orange SCORE|Orange/Sullivan SCORE|HO|30 Scotts Corners Dr||Montgomery|NY|12549|||(845)457-9700||http://orange.score.org/chapters/orange-score|info@orangenyscore.com|10/06/2014
ED|SCORE|107208|282807|Portland SCORE|Portland SCORE|HO|100 Middle Street East Tower| 2nd Floor|Portland|ME|04101|||(207) 772-1147||http://portlandme.score.org/chapters/portland-score-0|info@scoremaine.com|07/21/2012
ED|SCORE|107207|282806|Portland SCORE|Portland SCORE|HO|620 SW Main, Suite 313||Portland|OR|97205|||(503) 326-5211||http://portlandor.score.org/chapters/portland-score|scorepdx@wa-net.com|12/03/2015
ED|SCORE|276627|507232|North Metro Atlanta SCORE|North Metro Atlanta SCORE|HO|PO Box 78|1425 Market Boulvard, Suite 530|Roswell|GA|30076|||||||05/27/2016
ED|SCORE|276628|507233|Northeast Georgia|Northeast Georgia|HO|PO Box 7142||Gainesville|GA|30504|||||||05/27/2016
ED|SCORE|276527|507154|Panama City SCORE|Panama City SCORE|HO|4750 Collegiate Drive||Panama City|FL|32405|||850-257-3453||https://panamacity.score.org/|panamacity@scorevolunteer.org|04/14/2016
ED|SCORE|276528|507155|Middle Georgia SCORE|Middle Georgia SCORE|HO|305 Coliseum Drive||Macon|GA|31217|||478-621-2000||https://middlegeorgia.score.org|middlegeorgia@scorevolunteer.org|04/14/2016
ED|SCORE|276529|507156|East San Gabriel Valley SCORE|East San Gabriel Valley SCORE|HO|2648 E. Workman Ave|#267|West Covina|CA|91791|||626-593-1120||https://eastsangabrielvalley.score.org/|bill.morland@score.org|04/14/2016
ED|SCORE|276768|507415|SCORE North Metro Atlanta|SCORE North Metro Atlanta|HO|1425 Market Boulevard|Suite 530|Roswell|GA|30076|||678-506-0718||northmetroatlanta.score.org|northmetroatl@scorevolunteer.org|01/11/2017
ED|SCORE|276769|507416|Onslow SCORE|Onslow SCORE|HO|PO Box 12755||Jacksonville|NC|28546|||910-219-4411||onslow.score.org|onslowscore@gmail.com|01/11/2017
ED|SCORE|276647|507252|Lake of the Ozarks SCORE|Lake of the Ozarks SCORE|HO|739 West US Highway 54|PO Box 1375|Camdenton|MO|65020|||(573) 346-5441||||06/06/2016
ED|SCORE|262008|489389|South Central Minnesota Chapter 0710|South Central Minnesota Chapter 0710|HO|525 Florence Avenue||Owatonna|MN|55060|||507-455-3215 x 124||||08/10/2012
ED|SCORE|276530|507157|Tallahassee SCORE|Tallehassee SCORE|HO|914 Railroad Ave|Domi Venture Station|Tallahassee|FL|32310|||850-241-5376||https://tallahassee.score.org/|tallahassee@scorevolunteer.org|06/03/2016
ED|SCORE|276531|507158|Metro Jackson SCORE|Metro Jackson SCORE|HO|201 S President St||Jackson|MS|39201|||601-589-0949||https://jackson.score.org/|scorejacksonms@gmail.com|04/14/2016
ED|SCORE|276767|507414|SCORE Northeast Georgia|SCORE Northeast Georgia|HO|1000 Dawsonville Hwy||Gainesville|GA|30504|||770-538-2522||negeorgia.score.org|nega@scorevolunteer.org|01/11/2017
ED|SCORE|276814|507541|Northeast Mississippi SCORE|Northeast Mississippi SCORE|HO|1889 CR 478||Myrtle|MS|38650|||662-988-3375||nems.score.org|contactkallen@gmail.com|07/13/2017
ED|SCORE|276815|507542|US Virgin Islands SCORE|US Virgin Islands SCORE|HO|8000 Nisky Center|Suite 720|St. Thomas|VI|00802|||340-776-3206|||ch.admin0721@scorevolunteer.org|07/13/2017
ED|SCORE|276648|507253|Quad Cities SCORE|Quad Cities SCORE|HO|Davenport Chamber of Commerce|331 W 3rd Street|Davenport|IA|52801|||(309) 797-0082||||06/06/2016
ED|SCORE|107400|282999|Albuquerque SCORE|Albuquerque SCORE|HO|500 Gold Ave., SW, Suite 11409|P O Box 2206|Albuquerque|NM|87102|||(505) 248-8232||http://lascruces.score.org/chapters/las-cruces-score|abqscore@swcp.com|12/07/2015
ED|SCORE|107058|282657|Akron SCORE|Akron SCORE|HO|175 S. Main St., Summit County Bldg|Suite 204|Akron|OH|44308|||(330) 379-3163||http://akron.score.org/chapters/akron-score|akronchairman@aol.com|07/13/2012
ED|SCORE|107279|282878|Alabama Capitol  SCORE|Alabama Capitol  SCORE|HO|600 South Court Street| |Montgomery|AL|36104-|||(334) 240-6868||http://alabamacapitol.score.org/|score598@att.net|07/06/2012
ED|SCORE|107393|282992|Alleghenies SCORE|Altoona-Blair SCORE|HO|3900 Industrial Park Drive #6| |Altoona|PA|16602-|||(814) 942-9054||http://alleghenies.score.org/chapters/alleghenies-score|score575@atlanticbb.net|10/06/2014
ED|SCORE|107059|282658|Alaska SCORE|Alaska SCORE|HO|US Small Business Administration|PO 756180|Fairbanks|AK|99775|||(907) 271-4022||http://anchorage.score.org|score558@gci.net|05/31/2016
ED|SCORE|107377|282976|Anderson SCORE|Anderson SCORE|HO|1106 Meridian St., Suite 211||Anderson|IN|46016|||(765) 642-0264||http://anderson.score.org/chapters/anderson-score|PostMaster@ScoreAnderson.org|01/11/2016
ED|SCORE|107060|282659|Ann Arbor Area SCORE|Ann Arbor Area SCORE|HO|1100 North Main St.| |Ann Arbor|MI|48104|||(734) 929-1121||http://annarborarea.score.org/chapters/ann-arbor-area-score|info@annarborscore.org|10/02/2014
ED|SCORE|107064|282663|Atlanta SCORE|Atlanta SCORE|HO|233 Peachtree Road NE|Harris Tower, Ste. 1900|Atlanta|GA|30303-|||(404) 331-0121||http://atlanta.score.org/|scoreatlanta@joimail.com|07/22/2012
ED|SCORE|107363|282962|Asheville SCORE 0137|Asheville SCORE|HO|Federal Building, Room 259|151 Patton Avenue|Asheville|NC|28801-5770|||(828) 271-4786||http://asheville.score.org/chapters/asheville-score|info@ashevillescore.org|07/17/2012
ED|SCORE|107056|282655|Auburn SCORE|Auburn SCORE|HO|c/o Chamber of Commerce|2 State Street|Auburn|NY|13021|||(315) 252-7291|||musond55@rochester.rr.com|10/06/2014
ED|SCORE|107065|282664|Augusta SCORE|Augusta SCORE|HO|68 Sewall Street, Room 512| |Augusta|ME|04330|||(207) 622-8509||http://augustame.score.org/chapters/augusta-score|score0305@yahoo.com|07/21/2012
ED|SCORE|107066|282665|Austin SCORE|Austin SCORE|HO|5524 Bee Caves Rd. Westland Park|Building M, #100|Austin|TX|78746|||(512) 928-2425||http://austin.score.org/chapters/austin-score|info@scoreaustin.org|07/12/2012
ED|SCORE|107067|282666|South Alabama SCORE|Baldwin County SCORE|HO|327 Fairhope Ave Eastern Shore |Chamber of Commerce|Fairhope|AL|36532|||(251) 928-6387||http://baldwincounty.score.org/|info@baldwinscore.org|06/03/2016
